<?xml version="1.0" encoding="UTF-8"?>
<project xmlns="http://maven.apache.org/POM/4.0.0" xmlns:xsi="http://www.w3.org/2001/XMLSchema-instance" xsi:schemaLocation="http://maven.apache.org/POM/4.0.0 http://maven.apache.org/maven-v4_0_0.xsd">
  <modelVersion>4.0.0</modelVersion>
  <groupId>ubc-yong-gao</groupId>
  <artifactId>ygraph-ai-smartfox-client</artifactId>
  <name>ygraph-ai-smartfox-client</name>
  <version>2.1</version>
  <build>
    <resources>
      <resource>
        <directory>src/main/resources</directory>
      </resource>
    </resources>
    <plugins>
      <plugin>
        <artifactId>maven-javadoc-plugin</artifactId>
        <version>3.2.0</version>
        <configuration>
          <show>private</show>
          <nohelp>true</nohelp>
        </configuration>
      </plugin>
      <plugin>
        <artifactId>maven-jar-plugin</artifactId>
        <version>3.2.0</version>
        <configuration>
          <archive>
            <manifest>
              <mainClass>ygraph.ai.smartfox.games.rl.RLGamePlayer</mainClass>
            </manifest>
          </archive>
        </configuration>
      </plugin>
      <plugin>
        <artifactId>maven-shade-plugin</artifactId>
        <version>3.2.4</version>
        <executions>
          <execution>
            <phase>package</phase>
            <goals>
              <goal>shade</goal>
            </goals>
            <configuration>
              <transformers>
                <transformer>
                  <mainClass>ygraph.ai.smartfox.games.rl.RLGamePlayer</mainClass>
                </transformer>
              </transformers>
            </configuration>
          </execution>
        </executions>
      </plugin>
      <plugin>
        <artifactId>maven-resources-plugin</artifactId>
        <version>3.2.0</version>
        <executions>
          <execution>
            <id>copy-env</id>
            <phase>prepare-package</phase>
            <goals>
              <goal>copy-resources</goal>
            </goals>
            <configuration>
              <outputDirectory>${project.build.directory}</outputDirectory>
              <resources>
                <resource>
                  <directory>${project.basedir}</directory>
                  <includes>
                    <include>.env</include>
                  </includes>
                </resource>
              </resources>
              <overwrite>true</overwrite>
            </configuration>
          </execution>
        </executions>
      </plugin>
    </plugins>
  </build>
  <repositories>
    <repository>
      <snapshots>
        <enabled>false</enabled>
      </snapshots>
      <id>ubc-yong-gao</id>
      <name>ubc-yong-gao</name>
      <url>https://people.ok.ubc.ca/yongg/computing_resources/</url>
    </repository>
  </repositories>
  <properties>
    <maven.compiler.target>1.8</maven.compiler.target>
    <maven.compiler.source>1.8</maven.compiler.source>
  </properties>
</project>
